category,canneal
runtime,6.590098142623901
l2miss,13947069.27536232
l3miss,3364956.231884058
instructions,936553865.2173913
cycles,1324337362.3188405
stall_cycles,766018021.4492753
intra_coh,0.0
inter_coh,0.0
wall_cycles,2149021779.710145
llc_size,36371530.20289855
local_mem,160021815.6521739
remote_mem,1329715.9420289856
