{
    "runtime": {
        "bfs": 38.712767124176025,
        "freqmine": 102.98283815383911,
        "CG": 117.3383002281189,
        "SP": 157.89529275894165
    },
    "power": [
        {
            "package_name": "package-0",
            "power": 12257117364,
            "domains": {
                "dram": 67240186846
            }
        },
        {
            "package_name": "package-1",
            "power": 9464798219,
            "domains": {
                "dram": 66319322288
            }
        }
    ]
}