{
    "runtime": {
        "bfs": 38.552915811538696,
        "canneal": 58.51240110397339,
        "CG": 141.30384922027588,
        "SP": 157.65540862083435
    },
    "power": [
        {
            "package_name": "package-0",
            "power": 11961882281,
            "domains": {
                "dram": 67317948453
            }
        },
        {
            "package_name": "package-1",
            "power": 9840044756,
            "domains": {
                "dram": 66406401901
            }
        }
    ]
}