category,canneal
runtime,4.501776218414307
l2miss,13554149.61038961
l3miss,3119218.441558442
instructions,836608283.6363636
cycles,1227103222.5974026
stall_cycles,722657649.3506494
intra_coh,0.0
inter_coh,0.0
wall_cycles,2148611566.753247
llc_size,35136658.28571428
local_mem,167142333.5064935
remote_mem,3149132.4675324676
