{
    "runtime": {
        "bfs": 39.224703311920166,
        "canneal": 73.764080286026,
        "CG": 105.98692178726196,
        "SP": 201.44640803337097
    },
    "power": [
        {
            "package_name": "package-0",
            "power": 13973308955,
            "domains": {
                "dram": 67608317438
            }
        },
        {
            "package_name": "package-1",
            "power": 7958712475,
            "domains": {
                "dram": 66406653250
            }
        }
    ]
}