{
    "runtime": {
        "bodytrack": 30.566359281539917,
        "freqmine": 86.82427430152893,
        "SP": 153.19090795516968,
        "streamcluster": 169.80046463012695
    },
    "power": [
        {
            "package_name": "package-0",
            "power": 12491729557,
            "domains": {
                "dram": 67347244235
            }
        },
        {
            "package_name": "package-1",
            "power": 11876440421,
            "domains": {
                "dram": 745485080
            }
        }
    ]
}