{
    "runtime": {
        "bfs": 38.8902645111084,
        "CG": 104.11704611778259,
        "freqmine": 133.1228597164154,
        "SP": 178.30815243721008
    },
    "power": [
        {
            "package_name": "package-0",
            "power": 11944474732,
            "domains": {
                "dram": 67350013780
            }
        },
        {
            "package_name": "package-1",
            "power": 13581961080,
            "domains": {
                "dram": 66561048763
            }
        }
    ]
}