{
    "runtime": {
        "bfs": 39.01845645904541,
        "freqmine": 85.18788051605225,
        "CG": 139.3827669620514,
        "SP": 152.33695912361145
    },
    "power": [
        {
            "package_name": "package-0",
            "power": 11678191051,
            "domains": {
                "dram": 67252506360
            }
        },
        {
            "package_name": "package-1",
            "power": 10653066967,
            "domains": {
                "dram": 66362630820
            }
        }
    ]
}