{
    "runtime": {
        "bfs": 38.9740948677063,
        "canneal": 69.44649124145508,
        "CG": 115.31508660316467,
        "SP": 157.47963190078735
    },
    "power": [
        {
            "package_name": "package-0",
            "power": 12429069073,
            "domains": {
                "dram": 67219448629
            }
        },
        {
            "package_name": "package-1",
            "power": 7410254651,
            "domains": {
                "dram": 66297375799
            }
        }
    ]
}