{
    "runtime": {
        "nn": 76.7570366859436,
        "freqmine": 85.5900285243988,
        "CG": 136.93973469734192,
        "SP": 153.625901222229
    },
    "power": [
        {
            "package_name": "package-0",
            "power": 11773968699,
            "domains": {
                "dram": 67232664141
            }
        },
        {
            "package_name": "package-1",
            "power": 11196578576,
            "domains": {
                "dram": 66372701968
            }
        }
    ]
}