{
    "runtime": {
        "nn": 76.74550580978394,
        "streamcluster": 114.2739782333374,
        "freqmine": 136.02711296081543,
        "MG": 392.4927017688751
    },
    "power": [
        {
            "package_name": "package-0",
            "power": 26522123327,
            "domains": {
                "dram": 69275573615
            }
        },
        {
            "package_name": "package-1",
            "power": 18356770573,
            "domains": {
                "dram": 67108648462
            }
        }
    ]
}