{
    "runtime": {
        "nn": 77.92750811576843,
        "freqmine": 89.22557020187378,
        "CG": 110.19635081291199,
        "SP": 173.4849615097046
    },
    "power": [
        {
            "package_name": "package-0",
            "power": 12456177951,
            "domains": {
                "dram": 67349435119
            }
        },
        {
            "package_name": "package-1",
            "power": 10974013044,
            "domains": {
                "dram": 66423051973
            }
        }
    ]
}