category,canneal
runtime,2.8769893646240234
l2miss,22105779.545454547
l3miss,5481365.0
instructions,1346708405.4545453
cycles,2044894581.3636363
stall_cycles,1225975479.5454545
intra_coh,0.0
inter_coh,1.8181818181818183
wall_cycles,2184706880.4545455
llc_size,34625349.81818182
local_mem,287107258.1818182
remote_mem,2770385.4545454546
