category,canneal
runtime,34.03406524658203
l2miss,3591070.9433962265
l3miss,900426.7924528301
instructions,236824150.94339624
cycles,460066242.83018863
stall_cycles,315663388.3018868
intra_coh,0.0
inter_coh,0.0
wall_cycles,2102856216.6037736
llc_size,33686740.52830189
local_mem,50437989.43396226
remote_mem,123652.83018867925
