{
    "runtime": {
        "bodytrack": 28.35960340499878,
        "canneal": 62.776058197021484,
        "CG": 108.43768000602722,
        "SP": 170.80623865127563
    },
    "power": [
        {
            "package_name": "package-0",
            "power": 12607626721,
            "domains": {
                "dram": 1610695031
            }
        },
        {
            "package_name": "package-1",
            "power": 8060254451,
            "domains": {
                "dram": 66329665256
            }
        }
    ]
}