category,canneal
runtime,2.853121280670166
l2miss,27288511.818181816
l3miss,6618456.818181817
instructions,1377047894.5454547
cycles,2051171654.090909
stall_cycles,1222019855.4545455
intra_coh,0.0
inter_coh,0.0
wall_cycles,2165764168.181818
llc_size,35578600.72727273
local_mem,364082269.09090906
remote_mem,3008698.1818181816
