{
    "runtime": {
        "bodytrack": 28.679271936416626,
        "freqmine": 85.19276261329651,
        "streamcluster": 118.86304569244385,
        "SP": 237.36769890785217
    },
    "power": [
        {
            "package_name": "package-0",
            "power": 15325061720,
            "domains": {
                "dram": 67652667027
            }
        },
        {
            "package_name": "package-1",
            "power": 11276002688,
            "domains": {
                "dram": 66488650938
            }
        }
    ]
}