{
    "runtime": {
        "nn": 79.09627842903137,
        "freqmine": 80.79011821746826,
        "CG": 108.62736010551453,
        "SP": 184.49160957336426
    },
    "power": [
        {
            "package_name": "package-0",
            "power": 12936829674,
            "domains": {
                "dram": 67426483195
            }
        },
        {
            "package_name": "package-1",
            "power": 10537041812,
            "domains": {
                "dram": 66374859896
            }
        }
    ]
}