{
    "runtime": {
        "nn": 76.21135878562927,
        "canneal": 79.716548204422,
        "CG": 114.18244433403015,
        "SP": 165.57668161392212
    },
    "power": [
        {
            "package_name": "package-0",
            "power": 12120839820,
            "domains": {
                "dram": 1597638699
            }
        },
        {
            "package_name": "package-1",
            "power": 9521366372,
            "domains": {
                "dram": 66351034751
            }
        }
    ]
}