{
    "runtime": {
        "canneal": 72.91318321228027,
        "nn": 79.30456471443176,
        "CG": 135.03028392791748,
        "SP": 152.95632672309875
    },
    "power": [
        {
            "package_name": "package-0",
            "power": 11689212264,
            "domains": {
                "dram": 67226420809
            }
        },
        {
            "package_name": "package-1",
            "power": 10473869427,
            "domains": {
                "dram": 66388704575
            }
        }
    ]
}