{
    "runtime": {
        "canneal": 73.32808041572571,
        "nn": 78.54413533210754,
        "CG": 107.7874743938446,
        "SP": 176.436292886734
    },
    "power": [
        {
            "package_name": "package-0",
            "power": 12435337428,
            "domains": {
                "dram": 67372705226
            }
        },
        {
            "package_name": "package-1",
            "power": 9347060605,
            "domains": {
                "dram": 66366813748
            }
        }
    ]
}